Business Name,Facebook Followers,Phone,Email,Website,Rating,Email Status
"Rowell & Family HVAC, LLC",730+,781-243-0718,Rowellfamilyhvac@gmail.com,N/A,4.3 (6),
CSP Plumbing & Heating,520+,7936690652,cspplumbingandheating@gmail.com,N/A,5.0 (4),
Thiel Heating and Cooling - Macon GA AC Repair,1 reaction,(478) 973-2886,Thielheatingandcooling@gmail.com,N/A,5.0 (27),
Major League HVAC,220+,"443-521-7346, 302-542-7888",majorleaguehvac21@gmail.com,www.majorleagueair.com,5.0 (8),
Watson and Clayton Heating & Cooling,20+ reactions,N/A,watsonclaytonhvac@gmail.com,N/A,N/A,
RF Plumbing & Heating,580+,7702278186,RFPlumbingOffice@gmail.com,N/A,5.0 (52),
Khan's Cooling Solution,80+,"(868) 291-9752, 473-2742",khanscoolingsolution@gmail.com,N/A,N/A,
June Pearl Photography,3.6K+,N/A,junepearlphotography@gmail.com,junepearlphotography.com,N/A,
Platinum Heating and Air LLC,1.1K+,770-851-8455,Platinumheatingandair@gmail.com,N/A,5.0 (11),
Mengis Heating & Cooling LLC,3 reactions,9714091805,mengishvac@gmail.com,N/A,N/A,
Philippines HVAC Technician,HIRING!!!,120+ reactions,kg.obmerga08@gmail.com,N/A,N/A,
Ell's cool air,20+ reactions,N/A,cool.air@gmail.com,N/A,N/A,
Thomson Plumbing & Heating,660+,N/A,heating@gmail.com,N/A,5.0 (44),
Caliber Heating & Cooling LLC,180+,610-568-2278,caliberhvac101@gmail.com,N/A,5.0 (5),
"Spartan Heating, Cooling and Fireplaces",4 reactions,(319) 391-4817,Spartanhcandf@gmail.com,N/A,5.0 (12),
J Elliott Heating and Air,4 reactions,N/A,jmelliotthvacnominations@gmail.com,N/A,N/A,
Intracoastal Climate Control,610+,N/A,N/A,N/A,5.0 (23),
Gencool HVAC Mechanical Corporation,730+,"0927-401-6976, 0915-547-6746",gencoolinfo@gmail.com,N/A,5.0 (1),
Cool Air Spot,Karachi,1.9K+,N/A,coolairspot@gmail.com,coolairspot.com,
Unicoi County Animal Shelter,10+ reactions,N/A,Unicoicountyanimalshelter@gmail.com,N/A,N/A,
"The Other Guy’s Heating & Cooling, LLC",1 reaction,989-798-4712,TheOtherGuysHvac1@Gmail.com,N/A,N/A,
Multitask Technical Services LLC,N/A,N/A,multitasktechllc@gmail.com,N/A,N/A,
Barron's Refrigeration & Heating LTD.,N/A,N/A,barrons.rhltd@gmail.com,N/A,N/A,
HVAC Technology,N/A,089 545 2765,hvact.mh@gmail.com,N/A,N/A,
Good's Plumbing,N/A,724-864-6038,"goodsplumbing11@gmail.com, danielle4goods@gmail.com",N/A,N/A,
Gray Electric Heating & Plumbing,650+,N/A,N/A,N/A,3.7 (3),
Brown Heating & Cooling INC.,600+,N/A,BrownHVAC@gmail.com,N/A,4.5 (17),
"Comfortech Heating & Cooling, LLC",1.1K+,270-993-2357,comfortechky@gmail.com,www.comfortechky.com,5.0 (27),
MD Super Tech HVACR & Plumbing Services LLC,960+,mdsupertechhvacr@gmail.com,-,(267) 883-4065,5.0 (8),
Comfort Home Heating And Cooling LLC,110+,comforthomeheatingandcooling@gmail.com,comforthomeheatingandcooling.com,(+1) 484-846-8868,5.0 (1),
Cisco Heating and Cooling Pros LLC,280+,ciscoheatingandcooling@gmail.com,ciscoheatingandcoolingpros.com,203-535-6677,5.0 (4),
D.Glick HVAC LLC,450+,danielglick26@gmail.com,-,7179893320,5.0 (3),
T & C Heating and Cooling LLC,140+,tc.heatingcoolingllc.fl@gmail.com,tchvacr,850-202-6873,5.0 (10),
"The Other Guy's Heating & Cooling, LLC",-,TheOtherGuysHvac1@Gmail.com,-,-,-,
**ELITE HVAC,Cleveland TN**,1.2K+,Elitehvactn@gmail.com,-,-,
"Air Services Heating, Cooling, Plumbing & Electrical",2.6K+,airservices.allservice@gmail.com,-,-,-,
Dr HVAC Inc.,-,Doctor.hvacinc@gmail.com,drhvacinc.com,703-869-9524,-,
"Spartan Heating, Cooling and Fireplaces",-,Spartanhcandf@gmail.com,-,319-391-4817,-,
"AC Professional Cooling & Heating, INC",60+,-,-,-,5.0 (2),
Greer Enterprises,20+,greergastechs@gmail.com,greergastechs.com,603-231-6082,-,
DC Plumbing and Heating,90+,Dcplumbingandheatinguk@gmail.com,-,7710255353,5.0 (9),
Target Plumbing & Heating,250+,info.targetph@gmail.com,-,306-384-3344,5.0 (4),
Climate Masters,50+,climatemastersatl@gmail.com,-,770-736-0015,5.0 (2),
"Texoma Air Pros Heating, Air Conditioning & Plumbing",520+,Texoma.Airpros@gmail.com,-,580-490-9980,5.0 (21),
KML Heating & Air,-,kmlheatingandair@gmail.com,kmlheatingandair.com,352-737-1850,5.0 (22),
B&Z Heating and Air,-,-,-,-,-,
JD Cooling Solutions,230+,jdcoolingsolutions@gmail.com,jdcoolingsolutions.co.uk,7702082063,5.0 (1),
"Zuvers Heating, Cooling & Mechanical",1.5K+,Zuvershvac@gmail.com,-,-,-,
Duke HVAC,180+,dukehvac613@gmail.com,-,613-316-8314,5.0 (2),
Parkers Heating & Air,130+,ParkersHVACnwa@gmail.com,-,479-233-3967,5.0 (9),
Guitreau's Heating & Air LLC,-,mcguitreau@gmail.com,-,-,-,
jb hvac service,210+,JBhvac@gmail.com,-,704-619-3162,5.0 (4),
Flo-Rite Air Conditioning and Heating,680+,anthonycordero981@gmail.com,-,-,5.0 (40),
One Hour Heating & Air Conditioning,-,Dispatch1hour@gmail.com,-,-,-,
Scott Johnson's Plumbing & Heating Services,-,sjplumbingservices74@gmail.com,-,07717 507779,-,
JSI,230+,JustSplitItTexas@gmail.com,-,682-966-5554,5.0 (2),
Comfort Zone AC and Heating Services LLC,400+,Byron.Reynolds225@gmail.com,-,225-221-9757,5.0 (1),
J R. Plumbing and Heating,470+,-,-,-,5.0 (15),
"Rowell & Family HVAC, LLC",730+,Rowellfamilyhvac@gmail.com,-,781-243-0718,4.3 (6),
CSP Plumbing & Heating,520+,cspplumbingandheating@gmail.com,-,7936690652,5.0 (4),
Thiel Heating and Cooling - Macon GA AC Repair,-,Thielheatingandcooling@gmail.com,-,478-973-2886,5.0 (27),
Major League HVAC,220+,majorleaguehvac21@gmail.com,majorleagueair.com,443-521-7346,5.0 (8),
Watson and Clayton Heating & Cooling,-,watsonclaytonhvac@gmail.com,-,-,-,
RF Plumbing & Heating,580+,RFPlumbingOffice@gmail.com,-,7702278186,5.0 (52),
Brown Heating & Cooling INC.,600+,N/A,BrownHVAC@gmail.com,N/A,4.5,
D4 Plumbing & Heating,630+,N/A,d4plumbingheating@gmail.com,N/A,5,
Master Cooling Installations & Projects,80+,069 587 1570,mastercoolinginstallations@gmail.com,N/A,N/A,
SWAT Heating & Air,680+,N/A,N/A,N/A,5,
Miars Plumbing and Heating,280+,07748 145750,miars.gas@gmail.com,N/A,N/A,
Tierney Heating & Plumbing,80+,07507 463309,tierneyheating.plumbing@gmail.com,N/A,5,
"Southern Force Heating & Cooling, LLC",N/A,N/A,N/A,N/A,N/A,
Cahsgas,710+,07379 917127,cahs.gas@gmail.com,www.cahs-gas.com,5,
Scott Plumbing & Heating Co Inc,160+,252-745-5135,scottplbghvac1@gmail.com,scottph.com,4.8,
Shamrock Mechanical Solutions Inc.,150+,N/A,applyatshamrock@gmail.com,N/A,N/A,
"Duncan's Air Conditioning & Heating, Inc",10+,407-470-7014,duncansair@gmail.com,N/A,N/A,
BR Plumbing and Heating Solutions,800+,7415886420,bradleyraineplumbing@gmail.com,N/A,5,
"Zuvers Heating, Cooling & Mechanical",1.5K+,N/A,zuvershvac@gmail.com,N/A,N/A,
Ace Cooling Ltd.,230+,344-4890,aacecooling@gmail.com,N/A,5,
A.M Solutions,N/A,(868) 726-0027,amsolutions868@gmail.com,N/A,N/A,
A to W Plumbing and Heating LLC,60+,774-279-9086,atowplumbing@gmail.com,N/A,5,
Genoa City Heating & Cooling Inc.,200+,262-279-6545,genoacityheating@gmail.com,genoacityheating.com,4.8,
Dr HVAC Inc.,N/A,703-869-9524,doctor.hvacinc@gmail.com,drhvacinc.com,N/A,
KMS Plumbing & Heating,N/A,N/A,N/A,N/A,N/A,
Souhegan Valley Heating & Air Conditioning,310+,603-769-9344,SouheganValleyHVAC@gmail.com,N/A,4.9,
Alpine AC Heating & Sheetmetal,30+,N/A,alpineheatingorofino@gmail.com,alpineheatingorofino.com,5,
Hayes Plumbing & Heating,N/A,7984686574,hayesdcg2020@gmail.com,N/A,N/A,
Alpine AC Heating & Sheetmetal,30+ followers,-,alpineheatingorofino.com,alpineheatingorofino.com,5.0 (1),
Hayes Plumbing & Heating,10+ reactions,☎️ 07984686574,hayesdcg2020@gmail.com,-,-,
Korycki Mechanical Inc,12K+ followers,-,koryckimechanical@gmail.com,-,5.0 (32),
Kips Heating and Air Conditioning,7 reactions,-,-,-,-,
T & C Heating and Cooling LLC,6 reactions,850-202-6873,TC.HeatingCoolingLLC.Fl@Gmail.com,-,-,
Wilson Refrigeration and Air conditioning,2.5K+ followers,-,-,-,5.0 (10),
BCRC Heating and Cooling,80+ followers,6047817272,bcrc.p.h@gmail.com,-,5.0 (1),
A&K Heating and Air Conditioning LLC,-,(919) 426-2845,akhvacllc@gmail.com,-,-,
Koryn Hawthorne,360.8K+ followers,-,BookingKoryn@gmail.com,-,-,
B&Z Heating and Air,390+ followers,(385) 831-0553,bzheatandair@gmail.com,-,5.0 (13),
D&D Heating and Air Conditioning,180+ followers,-,ddheatingandac1999@gmail.com,-,5.0 (8),
Coastal Cooling and Heating,700+ followers,(352)610-3250,COASTALHVAC1@GMAIL.COM,-,5.0 (19),
Bengal A/C & Heating,20+ followers,-,BengalAC60@gmail.com,-,-,
"AAA Heating, Air and Electrical",100+ followers,478-922-8462,aaa.705elberta@gmail.com,-,5.0 (1),
Yams HVAC - Cooling and Heating,7 reactions,431-276-6576,customers.yamshvac@gmail.com,www.yamsheatingandcooling.com,-,
"The Other Guy's Heating & Cooling, LLC",-,989-798-4712,TheOtherGuysHvac1@Gmail.com,-,-,
Andy Gahan Plumbing and Heating,6.7K+ followers,-,diysosennis@gmail.com,-,5.0 (4),
DLM Air Conditioning Services,6 reactions,-,gmail.com,-,5.0 (5),
Hatco-Hvac,1 reaction,416-528-8967,hatcohvac@gmail.com,-,-,
Nova Heating and Air Conditioning,1.1K+ followers,-,Novaheatandairlaura@gmail.com,-,5.0 (2),
Gig Harbor Heating & A/C,270+ followers,-,gigharborheat@gmail.com,-,5.0 (7),
"Optimal Heating and Cooling, LLC",130+ followers,-,OptimalheatingandcoolingLLC@gmail.com,-,5.0 (9),
Ranucci & Sons HVAC LLC.,450+ followers,-,Ranuccisonshvac@gmail.com,-,5.0 (8),
"Buck Electric, LLC",-,203 906 8338,buckelectricllc@gmail.com,-,-,
Panther Heat and Air,180+ followers,(539) 237-0415,pantherheatandair@gmail.com,-,5.0 (9),
"CRANBROOK, BC",3 reactions,-,diversefamilyroots@gmail.com,diversefamilyroots.ca,-,
ABC Cooling Heating,1 reaction,-,-,-,-,
"Speranza Development, Construction and Consulting",420+ followers,-,speranzadevelopment@gmail.com,-,-,
True Aire Aircon & Electrical Supply,5 reactions,-,trueairecebu.sales01@gmail.com,-,-,
Goodfellas HVAC,70+ followers,(814)-360-7275,GoodfellasHVACR@gmail.com,-,-,
Buie's Heating and Air LLC,100+,(865)-360-0386,buiesheatingandair@gmail.com,N/A,5,
"Cool Breeze, Inc.",590+,205-444-3155,cbihvac@gmail.com,N/A,4.9,
P&W Heating and Cooling,170+,N/A,hvac@gmail.com,N/A,5,
Dawood Cooling system,1,N/A,N/A,N/A,N/A,
Brewer's HVAC Solutions Inc.,280+,(506) 460-7334,brewershvacsolutions@gmail.com,brewershvacsolutions.ca,5,
Burroughs Heat and Air,300+,(912) 352-3272,burroughshvac@gmail.com,burroughshvac.com,5,
Essential Plumbing & Heating Services LLC,1,N/A,heating@gmail.com,N/A,N/A,
"Resilience Heating and Cooling, LLC",1,512-994-9692,resiliencehvac@gmail.com,resiliencehvac.com,N/A,
Philippines HVAC Technician,URGENT HIRING!,2,rcaccorp.hr@gmail.com,N/a,N/A,
SWAT Heating & Air,3,(803) 606-1365,swatheatingandair@gmail.com,swatheatingairllc.com,N/A,
NVC Refrigeration & Air Conditioning Supply,1.3K+,N/A,N/A,NVC Refrigeration,5,
"Reassurance Plumbing, Heating & Cooling",470+,603-738-9311,reassuranceph@gmail.com,N/A,5,
Rockys Plumbing & Heating LTD.,1,N/A,evan.rockysplumbing@gmail.com,N/A,N/A,
All Source Plumbing & Mechanical,1,701-609-1403,allsourceplumbing@gmail.com,N/A,N/A,
George The HVAC Technician,1,N/A,N/A,N/A,N/A,
K-T Heating & Air Conditioning HVAC,10+,N/A,ktheating234@gmail.com,N/A,N/A,
"Peppers Heating and Air Conditioning Service, Inc.",10+,770-483-1282,peppershvac@gmail.com,N/A,N/A,
T. L. Myers Heating and Air Conditioning,30+,765-659-3171,tlmyershvac@gmail.com,N/A,N/A,
A&K Heating and Air Conditioning LLC,N/A,(919) 426-2845,akhvacllc@gmail.com,N/A,N/A,
Hayes Plumbing & Heating,10+,7984686574,hayesdcg2020@gmail.com,N/A,N/A,
T & C Heating and Cooling LLC,2,850-202-6873,tc.heatingcoolingllc.fl@gmail.com,www.tchvacr.com,N/A,
"Ocean Creek Resort, North Myrtle Beach",1,N/A,ventscleaning18@gmail.com,N/A,N/A,
EZ Comfort Air Conditioning & Heating LLC,240+,832-777-0136,ezcomfortac@gmail.com,ezcomfortac.com,4.8,
Alpine AC Heating & Sheetmetal,N/A,N/A,alpineheatingorofino.com,N/A,N/A,
Wolds Plumbing & Heating Supplies Ltd,210+,N/A,N/A,N/A,5,
John's Plumbing Heating & Cooling,10+,N/A,johnsplbg16@gmail.com,N/A,N/A,
Apostolic Heating & Cooling LLC,400+,937-637-6046,apostolichvac@gmail.com,apostolichvac.com,5,
DLM Air Conditioning Services,3,N/A,dlmairconditioning@gmail.com,N/A,5,
Hatco-Hvac,N/A,416-528-8967,hatcohvac@gmail.com,N/A,N/A,
Millie's Bruncheonette,N/A,N/A,milliesbrunch@gmail.com,N/A,N/A,
Icebound Air Conditioning,220+,0481 065 645,iceboundairconditioning@gmail.com,N/A,5.0 (3),
Andrews Refrigeration & Air Conditioning Services,750+,456-5977,andrewsrefrigeration@gmail.com,N/A,4.6 (9),
"The Other Guy's Heating & Cooling, LLC",N/A,989-798-4712,TheOtherGuysHvac1@Gmail.com,N/A,N/A,
Midwest Mini Tractor Company,N/A,574-536-2894,myronhmt@gmail.com,N/A,N/A,
Tracey K Mitchell,N/A,N/A,traceykmitchell68@gmail.com,N/A,N/A,
"Authority Plumbing, Heating and Air",30+,714-485-6031,authoritypha@gmail.com,authoritypha.com,5.0 (1),
"Stevens Heating & Cooling, LLC",N/A,N/A,Stevensheatingandcooling@gmail.com,N/A,N/A,
Dr HVAC Inc.,N/A,703-869-XXXX,Doctor.hvacinc@gmail.com,N/A,N/A,
"Rego Electric, Heating and Cooling",1.4K+,5088379464,Regoservicesnow@gmail.com,N/A,N/A,
Coolmax Ltd,320+,N/A,coolmaxltd2016@gmail.com,N/A,N/A,
Reliable HVACR,2.1K+,N/A,thehvacknights@gmail.com,N/A,N/A,
"D. Martinelli Plumbing, Heating & Air Conditioning",N/A,N/A,officedmartinelli@gmail.com,N/A,N/A,
Ciardi Plumbing and Heating LLC,N/A,978-505-6274,mike@ciardiplumbing.com,N/A,N/A,
Fritz Family Plumbing and Heating,N/A,N/A,fritzfamilyplumbing@gmail.com,N/A,N/A,
Southern Charm HVAC,N/A,720-610-5152,souterncharmhvac@gmail.com,N/A,N/A,
JJ Heating & Cooling Company,N/A,410-575-1551,jjheatingcoolingcompany@gmail.com,N/A,N/A,
Aussie Rescue Networking Group - Santa Barbara,710+,N/A,dogadopt21@gmail.com,N/A,N/A,
"M&M HVAC Construction Services, Inc.",600+,252-232-1287,mandmhvacconstruction@gmail.com,N/A,5.0 (2),
MiNi Set 4 LIMITED EDITION,N/A,N/A,humourink@gmail.com,N/A,N/A,
JDL Plumbing & Heating,190+,973-897-6740,JDLPHLLC@GMAIL.COM,N/A,5.0 (7),
Hometown Heating & Cooling LLC,100+,N/A,hometownheating@gmail.com,N/A,5.0 (4),
"Ronnie Maier Heating & Air Conditioning, LLC",N/A,N/A,ronniemaier888@gmail.com,N/A,5.0 (1),
Harris Boyz Heating and Air Conditioning,310+,319-591-1962,harrisboyzheatingandair@gmail.com,N/A,5.0 (101),
Fong and Sullivan Heating & Cooling,190+,N/A,fongsullivanhvac@gmail.com,fongsullivanhvac.com,5.0 (5),
Duct Headz Heat Pump Cleaning,220+,902-488-2662,ductheadz@gmail.com,N/A,5.0 (1),
Spiritual Hub,N/A,727-902-1734,ductventcleaner09@gmail.com,N/A,N/A,
Flame & Faucet Plumbing & Heating,170+,N/A,flameandfaucet@gmail.com,N/A,5.0 (3),
Flame & Faucet Plumbing & Heating,170+,Not Provided,flameandfaucet@gmail.com,Not Provided,5,
James Brothers Plumbing and Renovations,Not Provided,7305467383,Not Provided,Not Provided,Not Provided,
Air Kings Heating and Air,Not Provided,919-754-7644,airkingshvac@gmail.com,airkings-hvac.com,Not Provided,
JJ Heating & Cooling Company,Not Provided,410-575-1551,jjheatingcoolingcompany@gmail.com,Not Provided,Not Provided,
Indoor Air,Not Provided,304-890-2212,Not Provided,Not Provided,Not Provided,
Cooling the Coast HVAC Solutions,90+,Not Provided,coolingthecoasthvac@gmail.com,Not Provided,5,
Midwest Mini Tractor Company,160+,574-536-2894,myronhmt@gmail.com,Not Provided,Not Provided,
HOUTS HVAC,110+,616-643-7204,houtshvac@gmail.com,houtshvac.com,5,
Comptois Plumbing and Heating,Not Provided,774-276-2136,Comptoisplumbing@gmail.com,Not Provided,Not Provided,
ARC Services LLC,Not Provided,Not Provided,Not Provided,Not Provided,Not Provided,
Long Life Boilers Mfg. Co.,6K+,Not Provided,longlifeboilers@gmail.com,Not Provided,5,
"Super Cool Mechanical, Heating & Cooling",Not Provided,570-534-0021,supercoolmechanical@gmail.com,Not Provided,Not Provided,
Freeline Maintenance & Cleaning Services LLC,Not Provided,Not Provided,jobsfreeline@gmail.com,Not Provided,Not Provided,
Midwest Mini Tractor Company,170+,574-536-2894,myronhmt@gmail.com,Not Provided,Not Provided,
M Price Plumbing & Heating Limited,Not Provided,Not Provided,localplumber2001@gmail.com,Not Provided,Not Provided,
BeckFixrepairs,Not Provided,Not Provided,Not Provided,Not Provided,Not Provided,
Falconer Plumbing and Heating Ltd,730+,07511 491776,falconerplumbingandheating@gmail.com,Not Provided,5,
Quiet Corners Mechanical Services LLC,Not Provided,Not Provided,quietcornersmech118@gmail.com,Not Provided,Not Provided,
Hatco-Hvac,Not Provided,416-528-8967,hatcohvac@gmail.com,Not Provided,Not Provided,
Kings Mountain Connections,Not Provided,Not Provided,airductpro011@gmail.com,Not Provided,Not Provided,
Moore's Heating and Air Conditioning,10+,Not Provided,mooreshvacohio@gmail.com,Not Provided,Not Provided,
Scott Johnson's Plumbing & Heating Services,Not Provided,07717 507779,sjplumbingservices74@gmail.com,Not Provided,5,
Riley's Heating & Cooling,190+,717-798-4354,rileysheatingandcooling@gmail.com,rileysheatingandcoolingsolutions.com,Not Provided,
K.M.S Plumbing & Heating,Not Provided,Not Provided,Not Provided,Not Provided,Not Provided,
Andy Gahan Plumbing and Heating,20+,Not Provided,andygahanplumbingandheating@gmail.com,Not Provided,Not Provided,
"Glasgow Heating and Air Conditioning, Inc.",1.2K+,Not Provided,Glasgowhvac7256@gmail.com,Not Provided,4.9,
NGT Heating & Plumbing Ltd.,830+,07842767752 / 01495 427092,ngtheating@gmail.com,Not Provided,4.9,
Infinite Heating & Cooling LLC,130+,Not Provided,Laurie.ihac@gmail.com,Not Provided,5,
Bandera jobs and things,Not Provided,Not Provided,airventcleaning3@gmail.com,Not Provided,Not Provided,
AJBC Engineering Services,Not Provided,Not Provided,Not Provided,Not Provided,Not Provided,
Brandt's Heating Cooling & Electrical,10+,N/A,brandtsheating@gmail.com,N/A,N/A,
FurBabies Animal Rescue,16.1K+,N/A,furbabiesadopt@gmail.com,N/A,4.8 (69),
Long Life Boilers Mfg. Co.,150+,#ERROR!,longlifeboilers@gmail.com,N/A,N/A,
Scott Johnson's Plumbing & Heating Services,N/A,7717507779,sjplumbingservices74@gmail.com,N/A,5.0 (39),
BEKO AIRCONDITIONERS (Turkish) - Cesar Enterprise Ltd,8,"2834178, 5977 1539",cesarenterpriseltd@gmail.com,N/A,N/A,
"DH Heating Solutions - Plumbing, Heating, Air Con & Renewables",260+,7791786665,Dhheatingsolutions@gmail.com,N/A,N/A,
Blue Ice Air Conditioning Services,290+,372-0457 or 757-0980,blueiceairconditioning@gmail.com,N/A,5.0 (2),
Lion's Plumbing and Heating,N/A,(240) 774-1594,Lionsphc@gmail.com,lionsphc.com,N/A,
"Garrett & Campbell Plumbing, Heating, Cooling and Electrical",730+,N/A,DAVID.GARRETTANDCAMPBELL@GMAIL.COM,garrettandcampbell.com,4.8 (25),
White's Heating & A/C,1.7K+,843-814-7490,whitesheating.ac@gmail.com,N/A,5.0 (13),
Zone Tech hvac,3.6K+,678-437-6161,zonetechac@gmail.com,zonetechservices.com,N/A,
Eccles Heating Services Ltd,6,N/A,ecclesheating.co.uk,N/A,N/A,
Apostolic Heating & Cooling LLC,N/A,937-637-6046,apostolichvac@gmail.com,apostolichvac.com,N/A,
Total Assurance A/C & Heating,1,N/A,totalassuranceac.hr@gmail.com,N/A,N/A,
RF Plumbing & Heating,N/A,7702278186,RFPlumbingOffice@Gmail.com,N/A,N/A,
"Capitol Heating and Air, LLC",420+,610-901-3761,Capitolheatingandair@gmail.com,capitol-hvac.com,4.9 (29),
Clinton County Indiana 4-H,10+,N/A,cbrant1123@gmail.com,N/A,N/A,
"ESR Heating, Cooling and Refrigeration",60+,816-288-9860,ESRHeatingandCooling@gmail.com,N/A,5.0 (1),
"Authority Plumbing, Heating and Air",N/A,N/A,authoritypha@gmail.com,authoritypha.com,5.0 (1),
Samantha Paap Photography,30+,N/A,Shyan.peterson@gmail.com,N/A,N/A,
Hatco HVAC,N/A,416-528-8967,hatcohvac@gmail.com,N/A,N/A,
Station Blue Photography,N/A,N/A,stationbluephotography@gmail.com,stationbluephotography.com,N/A,
D'Auria & Son Heating and Air Conditioning,4,856-257-1092,dauriahvacoffice@gmail.com,N/A,N/A,
Thermal Control Business Update,1,N/A,N/A,N/A,N/A,
"Briarwood Heating and Cooling, LLC",4,248-299-8126,Briarwoodheatingcooling@gmail.com,N/A,N/A,
Brantley Heating and Air Conditioning Beckley,170+,681-220-0734,brantleyhvac@gmail.com,N/A,5.0 (7),
Mother's Day Minis 4-13!,N/A,N/A,littleelephantstudio1@gmail.com,N/A,N/A,
Ell's cool air,8,N/A,cool.air@gmail.com,N/A,N/A,
Superior Heating & Cooling,2K+,N/A,superiorpolarair@gmail.com,N/A,4.8 (25),
AIRCON TECH / HVAC TECH,1,N/A,airconrefservices@gmail.com,N/A,N/A,
Scott Johnson's Plumbing & Heating Services,Not available,07717 507779,sjplumbingservices74@gmail.com,Not available,Not available,
"Spartan Heating, Cooling and Fireplaces",Not available,Not available,Not available,Not available,Not available,
Superior Heating & Cooling,2K+,Not available,Not available,Not available,4.8 (25),
Copper Canyon-Doodles,Not available,435-592-4050,CopperCanyonDoodles@gmail.com,Not available,Not available,
Chichuahau Med Cão,Not available,Not available,MEDECINATURAL@GMAIL.COM,Not available,Not available,
Tessa June Photography,Not available,Not available,Tessajunephoto@gmail.com,Not available,Not available,
NorCal MINIs,Not available,Not available,Not available,Not available,Not available,
R&R Aircondition Limited,1.5K+,Not available,Not available,Not available,5.0 (7),
McClain Heating & Air,220+,214-586-3544,mcclainheatingandairllc@gmail.com,Not available,5.0 (1),
Climate Masters,Not available,Not available,climatemastersatl@gmail.com,Not available,Not available,
American Home Services - HVAC,210+,Not available,ahsservicedept@gmail.com,Not available,Not available,
Mini market Αμβρόσιος,Not available,Not available,KoresofPoros@gmail.com,Not available,Not available,
RP Plumbing & Mechanical,920+,774-319-1273,RPplumbingandmechanical@Gmail.com,Not available,5.0 (2),
Q & A Heating and Cooling,270+,Not available,Not available,Not available,5.0 (4),
Sona Heating & Air Conditioning,50+,902-830-8094,sonaheating@gmail.com,Not available,Not available,
A1 Plumbing Electrical Heating & Cooling,3,607-386-9933,A1plumbingelectricalhvac@gmail.com,Not available,Not available,
Erin Miller Photography,490+,Not available,Not available,Not available,Not available,
Sterrett Alabama - Duct Cleaning,Not available,Not available,ductcleaning990@gmail.com,Not available,Not available,
Collins Heating & Cooling LLC,110+,Not available,collinshvacmidland@gmail.com,collinshvacmidland.com,5.0 (13),
JJ Heating & Cooling Company,Not available,410-575-1551,jjheatingcoolingcompany@gmail.com,Not available,Not available,
NEO MINIacs,3.6K+,Not available,neominiacs@gmail.com,Not available,Not available,
Industrial Heaters Manufacturers,Not available,7412854303,suryaheatingproductup661109@gmail.com,Not available,Not available,
"Edd Leigh Air Conditioning, Heating, Plumbing",Not available,Not available,hvac.plumbing.co@gmail.com,Not available,Not available,
Julie Linz Photography,Not available,Not available,julielinzphotos@gmail.com,Not available,Not available,
Bella Blue Photography,Not available,Not available,bellabluect@gmail.com,Not available,Not available,
It Takes Two Farm,Not available,Not available,ittakestwofarm@gmail.com,Not available,Not available,
Chris Giannone Plumbing and Heating & Cooling LLC,240+,Not available,Chris.giannone586@gmail.com,Not available,4.6 (9),
Erica Robin Art,Not available,Not available,ericawexlerart@gmail.com,Not available,Not available,
Kelly Ann Photography,Not available,Not available,Not available,Not available,Not available,
Chris Giannone Plumbing and Heating & Cooling LLC,240+,-,chris.giannone586@gmail.com,-,4.6 (9),
Lynn Laumann Photography,-,-,lynnlaumann@gmail.com,-,-,
Jesse Cabungcal Photography,-,(614) 296-1748,jcabungcalphoto@gmail.com,www.jessecabungcalphotography.com,-,
Plumb Pro Plumbing & Heating Corp.,500+,516-405-5490,PlumbPro911@gmail.com,-,5.0 (14),
LaBoy Photography,-,-,laboyphotography@gmail.com,www.laboyphotography.com,-,
Rachel Dale Photography,-,-,rdalephotography@gmail.com,-,-,
June Pearl Photography,-,-,junepearlphotography@gmail.com,www.junepearlphotography.com,-,
Love The Isle Of Wight,-,7811843606,-,-,-,
Fredericksburg Review,-,-,sftadvertising@gmail.com,-,-,
"Edd Leigh Air Conditioning, Heating, Plumbing",-,-,hvac.plumbing.co@gmail.com,-,-,
HFPhotography,-,-,hannahfrederick.photo@gmail.com,-,-,
Kellz Morgan Tattoos,-,-,-,-,-,
Target Plumbing & Heating,250+,306-384-3344,info.targetph@gmail.com,-,5.0 (4),
Maira Oakar Photography,-,-,mairaoakarphotography@gmail.com,-,-,
Ascets Builder Corporation,-,-,corporation@gmail.com,-,-,
"Dublin Heating, Air Conditioning & Electrical",-,-,dublinhvac@gmail.com,www.dublinheatandair.com,-,
Little Rach Tattoo,-,-,Littlerachtattoo@gmail.com,-,-,
La Isha Garden Pool - Exclusive Resort,-,-,-,-,-,
The Sharp End Podcast,-,-,-,-,-,
True Aire Aircon & Electrical Supply,-,-,trueairecebu.sales01@gmail.com,-,-,
Speranza Development,-,-,speranzadevelopment@gmail.com,-,-,
Abontika HVAC Engineering,520+,#ERROR!,abontikahvac@gmail.com,-,5.0 (1),
Ramirez HVAC Service,-,559-736-5985,RamirezHVAC559@gmail.com,-,-,
Norfolk Dash Cam,-,-,nextbasecamclips@gmail.com,-,-,
Norfolk Dash Cam,N/A,N/A,nextbasecamclips@gmail.com,N/A,N/A,
True Aire Aircon & Electrical Supply,N/A,N/A,trueairecebu.sales01@gmail.com,N/A,N/A,
Hatco HVAC,N/A,416-528-8967,hatcohvac@gmail.com,N/A,N/A,
AD Trades Mechanical INC,14.4K+,N/A,adtradesmechanical@gmail.com,adtradesmechanical.ca,N/A,
Everything McHenry,N/A,2244566156,N/A,N/A,N/A,
SANY Heavy Equipment,N/A,0915 715 2643,josephvenancio.zwmphil@gmail.com,N/A,N/A,
Plumbing Heating Cooling Contractors of MA,N/A,N/A,rsvp via email,N/A,N/A,
Dynamic Dance Arts,N/A,N/A,dynamicdancearts@gmail.com,N/A,N/A,
Philippines HVAC Technician,Vikings is hiring,N/A,jobs.vikings@gmail.com,N/A,N/A,
Hart-2-Heart Rescue,9.5K+,N/A,N/A,N/A,4.2,
Hatco HVAC,N/A,416-528-8967,hatcohvac@gmail.com,N/A,N/A,
Everything Wedding,N/A,N/A,artistrybyalliebridal@gmail.com,N/A,N/A,
At Last Events NJ,N/A,N/A,AtLastEventsNJ@gmail.com,N/A,N/A,
USSCIHR,N/A,N/A,usscihr@gmail.com,N/A,N/A,
Lakeside East County Group,N/A,N/A,jesusvaz71@gmail.com,N/A,N/A,